,n,pair,time_tcrvalid_pre-embedded,time_tcrvalid_only-embedding,time_tcrvalid_incl-embed,time_ismart,time_tcrdist3
0,10,45.0,0.0004606723785400391,0.036015987396240234,0.036476659774780276,0.45964574813842773,0.0030679702758789062
1,100,4950.0,0.0009672164916992188,0.041617393493652344,0.04258460998535156,0.4640218734741211,0.007685947418212891
2,1000,499500.0,0.009512615203857423,0.10693860054016113,0.11645121574401855,0.5174722671508789,0.3732147216796875
3,3000,4498500.0,0.06570563316345215,0.25212597846984863,0.31783161163330076,1.0028841495513916,3.3511736392974854
4,10000,49995000.0,1.08548903465271,0.7339367866516113,1.8194258213043213,21.93226718902588,36.015724182128906
5,30000,449985000.0,11.332601070404053,2.121738910675049,13.454339981079102,340.73560214042664,397.89322662353516
6,100000,4999950000.0,117.9395124912262,7.67410945892334,125.61362195014954,0.0,0.0
