,n,pair,time_tcrvalid_pre-embedded,time_tcrvalid_only-embedding,time_tcrvalid_incl-embed,time_tcrdist3,time_levenshtein
0,10,45.0,5.054473876953125e-06,0.036015987396240234,0.03602104187011719,0.0023810863494873047,5.1641464233398436e-05
1,100,4950.0,0.0002768516540527344,0.041617393493652344,0.04189424514770508,0.006548070907592773,0.003784513473510742
2,1000,499500.0,0.007130479812622071,0.10693860054016113,0.11406908035278321,0.34790492057800293,0.3786489963531494
3,3000,4498500.0,0.07464685440063476,0.25212597846984863,0.3267728328704834,3.1714203357696533,3.408273458480835
4,10000,49995000.0,0.9889214038848877,0.7339367866516113,1.722858190536499,32.6434051990509,38.067614793777466
5,30000,449985000.0,6.206256151199341,2.121738910675049,8.32799506187439,248.18262553215027,364.2319378852844
6,100000,4999950000.0,79.33385348320007,7.67410945892334,87.00796294212341,0.0,0.0
