,n_clusters,n_epitopes_captured,percent_clustered,percent_clustered_in_largest,percent_labeled_clustered,mean_purity,c-CSI,c-precision
0,264.0,20.0,28.61885790172643,2.257636122177955,28.61885790172643,88.45886789018766,22.443559096945553,78.42227378190255
