{
    "insert_loss": 0.4548635184764862,
    "kl_loss": 32.02042770385742,
    "loss": 0.9166808724403381,
    "reconstruction_loss": 0.8337072134017944,
    "val_insert_loss": 0.5045534372329712,
    "val_kl_loss": 32.25733184814453,
    "val_loss": 1.0386329889297485,
    "val_reconstruction_loss": 0.7813011407852173
}