,index,n_clusters,n_epitopes_captured,percent_clustered,percent_clustered_in_largest,percent_labeled_clustered,mean_purity,well_clustered_total,well_clustered,method,eps,minsize,spike_x,label_reference,fold
0,tcrvalid,56,11,15.62156215621562,0.6600660066006601,15.62156215621562,96.42857142857143,14.521452145214521,92.95774647887323,tcrvalid,1.45,2,0,gliph_HQ,0
0,tcrvalid,20,7,7.700770077007701,0.6600660066006601,7.700770077007701,97.5,7.260726072607261,94.28571428571429,tcrvalid,1.45,3,0,gliph_HQ,0
