,index,n_clusters,n_epitopes_captured,percent_clustered,percent_clustered_in_largest,percent_labeled_clustered,mean_purity,well_clustered_total,well_clustered,method,eps,minsize,spike_x,label_reference,fold
0,tcrvalid,47,10,12.101210121012102,0.44004400440044006,12.101210121012102,96.80851063829788,11.221122112211221,92.72727272727273,tcrvalid,1.17,2,0,gliph_HQ,0
0,tcrvalid,13,7,4.62046204620462,0.44004400440044006,4.62046204620462,96.15384615384616,4.18041804180418,90.47619047619048,tcrvalid,1.17,3,0,gliph_HQ,0
