{
    "insert_loss": 6.396756649017334,
    "kl_loss": 16.035606384277344,
    "loss": 16.782060623168945,
    "reconstruction_loss": 15.664229393005371,
    "val_insert_loss": 6.416816711425781,
    "val_kl_loss": 16.057645797729492,
    "val_loss": 17.28891944885254,
    "val_reconstruction_loss": 15.727235794067383
}