{
    "insert_loss": 0.22859163582324982,
    "kl_loss": 10543.8798828125,
    "loss": 0.41961634159088135,
    "reconstruction_loss": 0.41961634159088135,
    "val_insert_loss": 0.22201579809188843,
    "val_kl_loss": 10622.845703125,
    "val_loss": 0.3878520727157593,
    "val_reconstruction_loss": 0.3878520727157593
}